
<!--  
这个为菜单列表，注意编辑的格式!例如：
<phone id="手机概览,overview">手机外观</phone>
1、手机概览：一级标题名称
2、overview：这个为assets下的各个模块文件夹的名称，记住这个值一定要与文件夹的名称对应，不然链接会出错
3、手机外观：二级标题名称
4、手机概览与overview之间的逗号为英文状态下的，请注意
5、各个模块文件夹的html文件一定要按照顺序来命名，即XXX_1到XXX_n来命名，中间不能有断续
--><phones>
<phone id="Tanishuv va ishni boshlash,overview">Telefonning tashqi koʻrinishi bilan tanishish</phone>
<phone id="Tanishuv va ishni boshlash,overview">Oʻrnatish va tayyorlash</phone>
<phone id="Tanishuv va ishni boshlash,overview">Ekranni qulflash va qulfini ochish</phone>
<phone id="Tanishuv va ishni boshlash,overview">Holat qatori ikonkalari va bildirishnomalar</phone>
<phone id="Tanishuv va ishni boshlash,overview">Bosh ekrandagi Tezkor tugmalar markazi</phone>

<phone id="Launcher va iMavzu,desktop">Bosh ekranni tahrirlash</phone>
<phone id="Launcher va iMavzu,desktop">Mavzular</phone>

<phone id="Sozlamalar,settings">Wi-Fi</phone>
<phone id="Sozlamalar,settings">Mobil tarmoq</phone>
<phone id="Sozlamalar,settings">Boshqa tarmoq va ulanishlar</phone>
<phone id="Sozlamalar,settings">Bildirishnomalar va holat paneli</phone>
<phone id="Sozlamalar,settings">Displey va yorqinlik</phone>
<phone id="Sozlamalar,settings">Bosh ekran, ekran qulfi va fon rasmi</phone>
<phone id="Sozlamalar,settings">Mototsikl rejimi</phone>
<phone id="Sozlamalar,settings">Tovush va tebranish</phone>
<phone id="Sozlamalar,settings">Jovi</phone>
<phone id="Sozlamalar,settings">Tizim navigatsiyasi</phone>
<phone id="Sozlamalar,settings">Barmoq izi, yuz va parol</phone>
<phone id="Sozlamalar,settings">Ultra oʻyin rejimi</phone>
<phone id="Sozlamalar,settings">Tezkor tugmalar va maxsus imkoniyatlar</phone>
<phone id="Sozlamalar,settings">Tizim boshqaruvi</phone>
<phone id="Sozlamalar,settings">Xavfsizlik</phone>
<phone id="Sozlamalar,settings">RAM va xotira joyi</phone>
<phone id="Sozlamalar,settings">Batareya</phone>
<phone id="Sozlamalar,settings">Ilovalar va ruxsatlar</phone>
<phone id="Sozlamalar,settings">Hisob va sinxronizatsiya</phone>
<phone id="Sozlamalar,settings">Tizim yangilanishi</phone>
<phone id="Sozlamalar,settings">Ilova nusxasi</phone>
<phone id="Sozlamalar,settings">Dasturchi sozlamalari</phone>

<phone id="Telefon va Kontaktlar,contact">Chaqiruvlar</phone>
<phone id="Telefon va Kontaktlar,contact">Chaqiruv sozlamalari</phone>
<phone id="Telefon va Kontaktlar,contact">Kontaktlar</phone>
<phone id="Telefon va Kontaktlar,contact">Boshqa amallar</phone>
<phone id="Telefon va Kontaktlar,contact">Kontakt sozlamalari</phone>

<phone id="Xabarlar va Email,message">Xabarlar</phone>
<phone id="Xabarlar va Email,message">Email</phone>

<phone id="Vositalar,tools">Kalkulyator</phone>
<phone id="Vositalar,tools">Eslatmalar</phone>
<phone id="Vositalar,tools">Diktofon</phone>
<phone id="Vositalar,tools">FM Radio</phone>
<phone id="Vositalar,tools">Kompas</phone>

<phone id="Multimedia,multimedia">Musiqa</phone>
<phone id="Multimedia,multimedia">Musiqa sozlamalari</phone>
<phone id="Multimedia,multimedia">Video</phone>
<phone id="Multimedia,multimedia">Kamera</phone>
<phone id="Multimedia,multimedia">Albomlar</phone>
<phone id="Multimedia,multimedia">Fayllar menejeri</phone>

<phone id="Tarmoq ilovalari,network">Browser</phone>
<phone id="Tarmoq ilovalari,network">vivoCloud</phone>

<phone id="Boshqa ilovalar,more">i Manager</phone>
<phone id="Boshqa ilovalar,more">Soat</phone>
<phone id="Boshqa ilovalar,more">Taqvim</phone>
<phone id="Boshqa ilovalar,more">Skrinshot qanday olinadi</phone>
<phone id="Boshqa ilovalar,more">USB orqali ulanish koʻrsatmalari</phone>
<phone id="Boshqa ilovalar,more">Ob-havo</phone>

<phone id="Profilaktika va servis,maintain">Profilaktika haqida</phone>
<phone id="Profilaktika va servis,maintain">Telefon va aksessuarlar</phone>
<phone id="Profilaktika va servis,maintain">Yordam</phone>
<phone id="Profilaktika va servis,maintain">Muvofiq fayl formatlari</phone><!--
我是跳转配置分割线，以前的内容往上面添加，下面写跳转目录配置。
格式：<skip id="visitmode">设置,访客模式</skip>
visitmode：跳转名称，与说明书开发约定一致即可
设置,访客模式：访客模式的说明书路径
-->
<skip id="usbhelp">Boshqa ilovalar,USB orqali ulanish koʻrsatmalari</skip>
<skip id="usbdebug">Sozlamalar,Dasturchi sozlamalari</skip>
<skip id="appclone">Sozlamalar,Ilova nusxasi</skip>

</phones>