<!--  
这个为菜单列表，注意编辑的格式!例如：
<phone id="手机概览,overview">手机外观</phone>
1、手机概览：一级标题名称
2、overview：这个为assets下的各个模块文件夹的名称，记住这个值一定要与文件夹的名称对应，不然链接会出错
3、手机外观：二级标题名称
4、手机概览与overview之间的逗号为英文状态下的，请注意
5、各个模块文件夹的html文件一定要按照顺序来命名，即XXX_1到XXX_n来命名，中间不能有断续
-->
<phones>
<phone id="Genel bakış ve Hızlı başlangıç kılavuzu,overview">Telefon dışına giriş</phone>
<phone id="Genel bakış ve Hızlı başlangıç kılavuzu,overview">Kurulum ve Hazırlık</phone>
<phone id="Genel bakış ve Hızlı başlangıç kılavuzu,overview">Ekran kilitleme ve kilidini açma</phone>
<phone id="Genel bakış ve Hızlı başlangıç kılavuzu,overview">Durum çubuğu simgeleri ve bildirimleri</phone>
<phone id="Genel bakış ve Hızlı başlangıç kılavuzu,overview">Ana ekrandaki Kısayol Merkezi</phone>

<phone id="Başlatıcı ve i Theme,desktop">Ana ekran düzenleme</phone>
<phone id="Başlatıcı ve i Theme,desktop">Temalar</phone>

<phone id="Ayarlar,settings">Wi-Fi</phone>
<phone id="Ayarlar,settings">Cep telefonu şebekesi</phone>
<phone id="Ayarlar,settings">Diğer Ağlar ve Bağlantılar</phone>
<phone id="Ayarlar,settings">Bildirim ve durum çubuğu</phone>
<phone id="Ayarlar,settings">Ekran ve Parlaklık</phone>
<phone id="Ayarlar,settings">Ana ekran, kilit ekranı ve duvar kağıdı</phone>
<phone id="Ayarlar,settings">Motosiklet Modu</phone>
<phone id="Ayarlar,settings">Ses ve titreşim</phone>
<phone id="Ayarlar,settings">Jovi</phone>
<phone id="Ayarlar,settings">Sistem gezinmesi</phone>
<phone id="Ayarlar,settings">Parmak izi, yüz ve şifre</phone>
<phone id="Ayarlar,settings">Ultra Oyun Modu</phone>
<phone id="Ayarlar,settings">Kısayollar ve Erişilebilirlik</phone>
<phone id="Ayarlar,settings">Sistem yönetimi</phone>
<phone id="Ayarlar,settings">Güvenlik</phone>
<phone id="Ayarlar,settings">RAM ve depolama alanı</phone>
<phone id="Ayarlar,settings">Pil</phone>
<phone id="Ayarlar,settings">Uygulamalar ve İzinler</phone>
<phone id="Ayarlar,settings">Hesap ve senkronizasyon</phone>
<phone id="Ayarlar,settings">Sistem güncellemesi</phone>
<phone id="Ayarlar,settings">Uygulama Klonu</phone>
<phone id="Ayarlar,settings">Geliştirici seçenekleri</phone>

<phone id="Telefon ve Kişiler,contact">Aramalar</phone>
<phone id="Telefon ve Kişiler,contact">Arama Ayarları</phone>
<phone id="Telefon ve Kişiler,contact">Kişiler</phone>
<phone id="Telefon ve Kişiler,contact">Daha fazla seçenek</phone>
<phone id="Telefon ve Kişiler,contact">Kişi ayarları</phone>

<phone id="Mesajlar ve E-posta,message">Mesajlar</phone>
<phone id="Mesajlar ve E-posta,message">E-posta</phone>

<phone id="Araçlar,tools">Hesap makinesi</phone>
<phone id="Araçlar,tools">Notlar</phone>
<phone id="Araçlar,tools">Kaydedici</phone>
<phone id="Araçlar,tools">Pusula</phone>
<phone id="Araçlar,tools">FM Radyo</phone>


<phone id="Multimedya,multimedia">Müzik</phone>
<phone id="Multimedya,multimedia">Müzik Ayarları</phone>
<phone id="Multimedya,multimedia">Video</phone>
<phone id="Multimedya,multimedia">Kamera</phone>
<phone id="Multimedya,multimedia">Albümler</phone>
<phone id="Multimedya,multimedia">Dosya Yöneticisi</phone>

<phone id="Ağ uygulaması,network">Tarayıcı</phone>
<phone id="Ağ uygulaması,network">vivoCloud</phone>

<phone id="Daha fazla uygulama,more">i Manager</phone>
<phone id="Daha fazla uygulama,more">Saat</phone>
<phone id="Daha fazla uygulama,more">Takvim</phone>
<phone id="Daha fazla uygulama,more">Bir ekran resmi alma</phone>
<phone id="Daha fazla uygulama,more">USB bağlantısı ile ilgili talimatlar</phone>
<phone id="Daha fazla uygulama,more">Hava durumu</phone>

<phone id="Bakım ve servis,maintain">Bakım hakkında</phone>
<phone id="Bakım ve servis,maintain">Telefon ve aksesuarlar</phone>
<phone id="Bakım ve servis,maintain">Yardım</phone>
<phone id="Bakım ve servis,maintain">Desteklenen dosya formatları</phone>

<!--
我是跳转配置分割线，以前的内容往上面添加，下面写跳转目录配置。
格式：<skip id="visitmode">设置,访客模式</skip>
visitmode：跳转名称，与说明书开发约定一致即可
设置,访客模式：访客模式的说明书路径
-->
<skip id="usbhelp">Daha fazla uygulama,USB bağlantısı ile ilgili talimatlar</skip>
<skip id="usbdebug">Ayarlar,Geliştirici seçenekleri</skip>
<skip id="appclone">Ayarlar,Uygulama Klonu</skip>
</phones>
