
<!--  
这个为菜单列表，注意编辑的格式!例如：
<phone id="手机概览,overview">手机外观</phone>
1、手机概览：一级标题名称
2、overview：这个为assets下的各个模块文件夹的名称，记住这个值一定要与文件夹的名称对应，不然链接会出错
3、手机外观：二级标题名称
4、手机概览与overview之间的逗号为英文状态下的，请注意
5、各个模块文件夹的html文件一定要按照顺序来命名，即XXX_1到XXX_n来命名，中间不能有断续
--><phones>
<phone id="Огляд і короткий посібник користувача,overview">Зовнішній вигляд телефона</phone>
<phone id="Огляд і короткий посібник користувача,overview">Налаштування й підготовка до роботи</phone>
<phone id="Огляд і короткий посібник користувача,overview">Блокування й розблокування екрана</phone>
<phone id="Огляд і короткий посібник користувача,overview">Значки й сповіщення на рядку стану</phone>
<phone id="Огляд і короткий посібник користувача,overview">Центр швидких команд на головному екрані</phone>

<phone id="Панель запуску й iTheme,desktop">Редагування головного екрана</phone>
<phone id="Панель запуску й iTheme,desktop">Temи</phone>

<phone id="Налаштування,settings">Wi-Fi</phone>
<phone id="Налаштування,settings">Мобільна мережа</phone>
<phone id="Налаштування,settings">Інші мережі й підключення</phone>
<phone id="Налаштування,settings">Панель сповіщень і стану</phone>
<phone id="Налаштування,settings">Екран і яскравість</phone>
<phone id="Налаштування,settings">Головний екран, екран блокування та шпалери</phone>
<phone id="Налаштування,settings">Режим мотоцикла</phone>
<phone id="Налаштування,settings">Звук і вібрація</phone>
<phone id="Налаштування,settings">Jovi</phone>
<phone id="Налаштування,settings">Навігація системою</phone>
<phone id="Налаштування,settings">Розпізнавання обличчя й відбитка пальця та введення пароля</phone>
<phone id="Налаштування,settings">ультраігровий режим</phone>
<phone id="Налаштування,settings">Швидкі команди та спеціальні можливості</phone>
<phone id="Налаштування,settings">Системне керування</phone>
<phone id="Налаштування,settings">Безпека</phone>
<phone id="Налаштування,settings">RAM та обсяг пам' яті</phone>
<phone id="Налаштування,settings">Акумулятор</phone>
<phone id="Налаштування,settings">Програми й дозволи</phone>
<phone id="Налаштування,settings">Обліковий запис і синхронізація</phone>
<phone id="Налаштування,settings">Оновлення системи</phone>
<phone id="Налаштування,settings">Клонування програм</phone>
<phone id="Налаштування,settings">Параметри розробника</phone>


<phone id="Телефон і контакти,contact">Виклики</phone>
<phone id="Телефон і контакти,contact">Налаштування викликів</phone>
<phone id="Телефон і контакти,contact">Контакти</phone>
<phone id="Телефон і контакти,contact">Додаткові операції</phone>
<phone id="Телефон і контакти,contact">Налаштування контактів</phone>

<phone id="Повідомлення й електронна пошта,message">Повідомлення</phone>
<phone id="Повідомлення й електронна пошта,message">Ел. пошта</phone>

<phone id="Інструменти,tools">Калькулятор</phone>
<phone id="Інструменти,tools">Примітки</phone>
<phone id="Інструменти,tools">Диктофон</phone>
<phone id="Інструменти,tools">FM-радіо</phone>
<phone id="Інструменти,tools">Компас</phone>

<phone id="Мультимедіа,multimedia">Музика</phone>
<phone id="Мультимедіа,multimedia">Налаштування музики</phone>
<phone id="Мультимедіа,multimedia">Відео</phone>
<phone id="Мультимедіа,multimedia">Камера</phone>
<phone id="Мультимедіа,multimedia">Альбоми</phone>
<phone id="Мультимедіа,multimedia">Диспетчер файлів</phone>

<phone id="Мережева програма,network">Браузер</phone>
<phone id="Мережева програма,network">vivoCloud</phone>

<phone id="Додаткові програми,more">iManager</phone>
<phone id="Додаткові програми,more">Годинник</phone>
<phone id="Додаткові програми,more">Календар</phone>
<phone id="Додаткові програми,more">Як зробити знімок екрана</phone>
<phone id="Додаткові програми,more">Інструкції з підключення через USB</phone>
<phone id="Додаткові програми,more">Погода</phone>

<phone id="Обслуговування,maintain">Про технічне обслуговування</phone>
<phone id="Обслуговування,maintain">Телефон та аксесуари</phone>
<phone id="Обслуговування,maintain">Допомога</phone>
<phone id="Обслуговування,maintain">Формати файлів, що підтримуються</phone><!--
我是跳转配置分割线，以前的内容往上面添加，下面写跳转目录配置。
格式：<skip id="visitmode">设置,访客模式</skip>
visitmode：跳转名称，与说明书开发约定一致即可
设置,访客模式：访客模式的说明书路径
-->
<skip id="usbhelp">Додаткові програми,Інструкції з підключення через USB</skip>
<skip id="usbdebug">Налаштування,Параметри розробника</skip>
<skip id="appclone">Налаштування,Клонування програм</skip>
</phones>