
<!--  
这个为菜单列表，注意编辑的格式!例如：
<phone id="手机概览,overview">手机外观</phone>
1、手机概览：一级标题名称
2、overview：这个为assets下的各个模块文件夹的名称，记住这个值一定要与文件夹的名称对应，不然链接会出错
3、手机外观：二级标题名称
4、手机概览与overview之间的逗号为英文状态下的，请注意
5、各个模块文件夹的html文件一定要按照顺序来命名，即XXX_1到XXX_n来命名，中间不能有断续
--><phones>
<phone id="Ringkasan dan Panduan mula pantas,overview">Pengenalan kepada luaran telefon</phone>
<phone id="Ringkasan dan Panduan mula pantas,overview">Pemasangan dan Persediaan</phone>
<phone id="Ringkasan dan Panduan mula pantas,overview">Kunci skrin dan buka kunci</phone>
<phone id="Ringkasan dan Panduan mula pantas,overview">Ikon bar status dan pemberitahuan</phone>
<phone id="Ringkasan dan Panduan mula pantas,overview">Pusat Pintasan pada skrin utama</phone>

<phone id="Pelancar dan i Theme,desktop">Mengedit skrin utama</phone>
<phone id="Pelancar dan i Theme,desktop">Tema</phone>

<phone id="Tetapan,settings">Wi-Fi</phone>
<phone id="Tetapan,settings">Rangkaian mudah alih</phone>
<phone id="Tetapan,settings">Rangkaian dan Sambungan Lain</phone>
<phone id="Tetapan,settings">Pemberitahuan dan bar status</phone>
<phone id="Tetapan,settings">Paparan dan Kecerahan</phone>
<phone id="Tetapan,settings">Skrin utama, skrin kunci dan kertas dinding</phone>
<phone id="Tetapan,settings">Mod Motosikal</phone>
<phone id="Tetapan,settings">Bunyi dan getaran</phone>
<phone id="Tetapan,settings">Jovi</phone>
<phone id="Tetapan,settings">Sistem navigasi</phone>
<phone id="Tetapan,settings">Cap jari, muka dan kata laluan</phone>
<phone id="Tetapan,settings">Mod Permainan Ultra</phone>
<phone id="Tetapan,settings">Pintasan dan Kebolehcapaian</phone>
<phone id="Tetapan,settings">Pengurusan sistem</phone>
<phone id="Tetapan,settings">Keselamatan</phone>
<phone id="Tetapan,settings">RAM dan ruang storan</phone>
<phone id="Tetapan,settings">Bateri</phone>
<phone id="Tetapan,settings">Aplikasi dan Kebenaran</phone>
<phone id="Tetapan,settings">Akaun dan penyegerakan</phone>
<phone id="Tetapan,settings">Kemas kini sistem</phone>
<phone id="Tetapan,settings">Klon aplikasi</phone>
<phone id="Tetapan,settings">Pilihan pembangun</phone>

<phone id="Telefon dan Kenalan,contact">Menghubungi</phone>
<phone id="Telefon dan Kenalan,contact">Tetapan Panggilan</phone>
<phone id="Telefon dan Kenalan,contact">Kenalan</phone>
<phone id="Telefon dan Kenalan,contact">Operasi selanjutnya</phone>
<phone id="Telefon dan Kenalan,contact">Tetapan kenalan</phone>

<phone id="Pemesejan dan E-mel,message">Pemesejan</phone>
<phone id="Pemesejan dan E-mel,message">E-mel</phone>

<phone id="Alat,tools">Kalkulator</phone>
<phone id="Alat,tools">Nota</phone>
<phone id="Alat,tools">Perakam</phone>
<phone id="Alat,tools">Radio</phone>
<phone id="Alat,tools">Kompas</phone>

<phone id="Multimedia,multimedia">Muzik</phone>
<phone id="Multimedia,multimedia">Tetapan Muzik</phone>
<phone id="Multimedia,multimedia">Video</phone>
<phone id="Multimedia,multimedia">Kamera</phone>
<phone id="Multimedia,multimedia">Album</phone>
<phone id="Multimedia,multimedia">Pengurus Fail</phone>

<phone id="Aplikasi rangkaian,network">Pelayar</phone>
<phone id="Aplikasi rangkaian,network">vivoCloud</phone>

<phone id="Aplikasi selanjutnya,more">i Manager</phone>
<phone id="Aplikasi selanjutnya,more">Jam</phone>
<phone id="Aplikasi selanjutnya,more">Kalendar</phone>
<phone id="Aplikasi selanjutnya,more">Cara ambil tangkapan skrin</phone>
<phone id="Aplikasi selanjutnya,more">Arahan untuk penyambungan USB</phone>
<phone id="Aplikasi selanjutnya,more">Cuaca</phone>

<phone id="Penyelenggaraan dan servis,maintain">Mengenai penyelenggaraan</phone>
<phone id="Penyelenggaraan dan servis,maintain">Telefon dan aksesori</phone>
<phone id="Penyelenggaraan dan servis,maintain">Bantuan</phone>
<phone id="Penyelenggaraan dan servis,maintain">Format fail yang disokong</phone>

<!--
我是跳转配置分割线，以前的内容往上面添加，下面写跳转目录配置。
格式：<skip id="visitmode">设置,访客模式</skip>
visitmode：跳转名称，与说明书开发约定一致即可
设置,访客模式：访客模式的说明书路径
-->
<skip id="usbhelp">Aplikasi selanjutnya,Arahan untuk penyambungan USB</skip>
<skip id="usbdebug">Tetapan,Pilihan pembangun</skip>
<skip id="appclone">Tetapan,Klon aplikasi</skip>
</phones>
