<!--  
这个为菜单列表，注意编辑的格式!例如：
<phone id="手机概览,overview">手机外观</phone>
1、手机概览：一级标题名称
2、overview：这个为assets下的各个模块文件夹的名称，记住这个值一定要与文件夹的名称对应，不然链接会出错
3、手机外观：二级标题名称
4、手机概览与overview之间的逗号为英文状态下的，请注意
5、各个模块文件夹的html文件一定要按照顺序来命名，即XXX_1到XXX_n来命名，中间不能有断续
-->
<phones>
<phone id="Обзор и краткое рук-во пользов.,overview">Внешний вид телефона</phone>
<phone id="Обзор и краткое рук-во пользов.,overview">Установка и подготовка</phone>
<phone id="Обзор и краткое рук-во пользов.,overview">Блокировка экрана, разблокировка</phone>
<phone id="Обзор и краткое рук-во пользов.,overview">Строка сост. и уведомл.</phone>
<phone id="Обзор и краткое рук-во пользов.,overview">Центр ярлыков на начальном экране.</phone>

<phone id="Средство запуска и i Theme,desktop">Изменение начального экрана</phone>
<phone id="Средство запуска и i Theme,desktop">Темы</phone>

<phone id="Настройки,settings">Wi-Fi</phone>
<phone id="Настройки,settings">Мобильная сеть</phone>
<phone id="Настройки,settings">Другие сети и соединения</phone>
<phone id="Настройки,settings">Строка состояния и уведомлений</phone>
<phone id="Настройки,settings">Экран и яркость</phone>
<phone id="Настройки,settings">Начальный экран, экран блокировки и обои</phone>
<phone id="Настройки,settings">Режим Мотоцикла</phone>
<phone id="Настройки,settings">Звук и вибросигнал</phone>
<phone id="Настройки,settings">Jovi</phone>
<phone id="Настройки,settings">Навигация по системе</phone>
<phone id="Настройки,settings">Отпечаток, лицо и пароль</phone>
<phone id="Настройки,settings">ультраигровой режим</phone>
<phone id="Настройки,settings">Ярлыки и специальные возможности</phone>
<phone id="Настройки,settings">Управление системой</phone>
<phone id="Настройки,settings">Безопасность</phone>
<phone id="Настройки,settings">ОЗУ и объем памяти</phone>
<phone id="Настройки,settings">Батарея</phone>
<phone id="Настройки,settings">Приложения и разрешения</phone>
<phone id="Настройки,settings">Учетная запись и синхронизация</phone>
<phone id="Настройки,settings">Обновление системы</phone>
<phone id="Настройки,settings">Клонирование приложений</phone>
<phone id="Настройки,settings">Для разработчиков</phone>

<phone id="Телефон и Контакты,contact">Поступающий вызов</phone>
<phone id="Телефон и Контакты,contact">Настройки вызовов</phone>
<phone id="Телефон и Контакты,contact">Контакты</phone>
<phone id="Телефон и Контакты,contact">Другие действия</phone>
<phone id="Телефон и Контакты,contact">Настройки контактов</phone>

<phone id="Сообщения и Эл.почта,message">Сообщения</phone>
<phone id="Сообщения и Эл.почта,message">Эл.почта</phone>

<phone id="Инструменты,tools">Калькулятор</phone>
<phone id="Инструменты,tools">Заметки</phone>
<phone id="Инструменты,tools">Диктофон</phone>
<phone id="Инструменты,tools">Радио</phone>
<phone id="Инструменты,tools">Компас</phone>

<phone id="Мультимедиа,multimedia">Музыка</phone>
<phone id="Мультимедиа,multimedia">Настройки аудио</phone>
<phone id="Мультимедиа,multimedia">Видео</phone>
<phone id="Мультимедиа,multimedia">Камера</phone>
<phone id="Мультимедиа,multimedia">Альбом</phone>
<phone id="Мультимедиа,multimedia">Файлы</phone>

<phone id="Сетевое приложение,network">Браузер</phone>
<phone id="Сетевое приложение,network">vivoCloud</phone>

<phone id="Другие приложения,more">i Manager</phone>
<phone id="Другие приложения,more">Часы</phone>
<phone id="Другие приложения,more">Календарь</phone>
<phone id="Другие приложения,more">Как сделать снимок экрана</phone>
<phone id="Другие приложения,more">Инструкции для подключения USB</phone>
<phone id="Другие приложения,more">Погода</phone>

<phone id="Поддержка и обслуживание,maintain">Об обслуживании</phone>
<phone id="Поддержка и обслуживание,maintain">Телефон и аксессуары</phone>
<phone id="Поддержка и обслуживание,maintain">Справка</phone>
<phone id="Поддержка и обслуживание,maintain">Поддержив. форматы файлов</phone>

<!--
我是跳转配置分割线，以前的内容往上面添加，下面写跳转目录配置。
格式：<skip id="visitmode">设置,访客模式</skip>
visitmode：跳转名称，与说明书开发约定一致即可
设置,访客模式：访客模式的说明书路径
-->
<skip id="usbhelp">Другие приложения,Инструкции для подключения USB</skip>
<skip id="usbdebug">Настройки,Для разработчиков</skip>
<skip id="appclone">Настройки,Клонирование приложений</skip>
</phones>